grid_id,restaurant_count,cvs_count
0,25,3
1,32,9
2,41,5
4,47,4
8,10,2
9,2,2
10,0,0
12,49,5
14,0,0
15,2,0
16,17,4
17,46,8
18,44,6
19,95,9
29,15,1
30,10,3
31,51,3
32,60,5
33,26,1
34,14,2
35,1,2
36,17,2
37,152,8
38,1,2
39,110,10
41,0,0
42,21,5
43,66,7
44,6,2
45,109,8
46,84,12
47,9,4
48,5,3
49,75,8
50,102,15
51,53,11
52,160,16
53,82,16
54,33,13
55,0,0
57,0,0
59,5,2
60,58,11
61,16,8
62,3,1
63,133,24
64,96,10
65,24,3
66,1,1
67,0,0
68,19,2
69,81,8
70,1,0
72,52,8
73,97,5
74,8,2
75,10,3
76,24,3
77,5,1
78,27,3
79,15,2
80,27,4
81,11,2
82,18,4
83,5,1
84,20,3
85,2,0
86,5,2
87,0,0
88,8,4
89,1,0
90,0,2
91,1,0
92,5,0
94,11,3
95,7,2
96,0,0
97,10,3
98,35,6
99,87,19
100,158,26
101,68,9
102,105,19
103,45,13
104,2,1
105,40,6
107,67,6
108,87,5
109,40,7
110,29,4
111,95,11
112,19,2
113,58,12
114,26,5
115,5,3
116,25,4
117,115,10
118,18,3
119,25,2
120,77,8
121,5,1
122,23,6
123,1,2
124,34,5
125,3,2
126,25,5
127,44,4
128,1,2
129,18,2
130,40,4
131,50,5
132,28,3
133,94,6
134,80,5
135,101,10
136,33,4
137,17,3
138,15,8
139,60,5
140,2,1
141,3,3
142,4,1
143,36,6
144,105,10
145,82,6
146,69,5
147,47,5
148,40,5
149,64,4
150,39,4
151,3,0
152,26,2
153,0,0
154,0,0
155,1,1
156,10,5
157,0,0
158,2,1
159,0,1
160,0,0
161,0,0
162,12,5
163,16,3
164,11,3
165,0,0
166,61,5
167,7,3
168,25,5
169,59,4
171,115,9
172,6,2
173,0,1
179,0,0
180,0,0
182,0,0
183,6,3
185,14,2
186,3,3
187,1,0
188,31,6
204,28,0
205,4,0
206,8,2
207,2,2
208,12,4
209,23,3
210,75,6
211,46,4
212,2,0
213,51,5
214,7,0
215,25,3
216,28,4
217,41,4
218,118,7
219,98,5
220,71,12
221,98,12
222,24,4
223,121,14
224,106,9
225,117,9
226,76,7
227,8,5
228,143,13
229,47,3
230,96,9
231,93,4
232,1,3
233,27,4
234,28,2
235,40,4
236,14,5
237,71,6
238,71,7
239,13,3
240,112,16
241,124,6
242,38,5
243,54,6
244,50,7
245,34,7
246,124,11
247,92,11
248,19,10
249,4,6
250,13,7
251,1,3
252,76,7
253,71,9
254,74,7
255,45,6
256,130,10
257,30,4
258,92,12
259,12,5
260,4,0
261,132,19
262,134,12
263,41,5
264,27,4
265,138,11
266,78,7
267,23,4
268,73,8
269,95,7
270,27,8
271,7,3
272,15,7
273,9,5
274,14,4
275,104,12
276,96,9
277,104,13
278,47,8
279,1,0
280,123,16
281,68,10
282,80,11
283,0,0
284,31,4
285,94,14
286,10,3
287,115,11
288,8,2
289,67,8
290,106,12
291,44,4
292,82,11
293,106,10
294,16,2
295,0,1
296,5,2
297,8,3
298,27,4
299,22,3
300,111,10
301,78,7
302,12,3
303,68,3
304,89,9
305,54,5
306,135,22
307,26,12
308,116,10
309,138,20
310,141,13
311,14,7
312,99,14
313,70,6
314,11,4
315,49,6
316,11,3
317,136,13
318,54,6
319,113,16
320,41,3
321,79,5
322,6,3
323,126,10
324,118,11
325,98,9
326,141,17
327,115,16
328,147,15
329,1,2
330,46,5
331,122,6
332,1,1
333,83,7
334,143,12
335,19,4
337,71,9
338,132,13
339,0,0
340,0,0
341,2,0
342,0,0
343,36,3
344,81,12
345,39,5
346,31,9
347,56,12
348,1,0
349,2,1
350,109,15
351,13,3
352,0,0
353,107,12
354,14,5
355,27,4
356,83,7
357,85,10
358,13,5
359,7,4
360,5,1
361,2,0
362,0,0
363,2,0
364,0,0
367,5,0
368,45,7
369,2,0
370,17,3
371,95,9
372,135,16
374,3,0
375,1,0
376,0,0
377,132,12
378,50,4
379,2,0
380,159,18
381,65,6
382,148,14
383,74,8
384,73,12
385,101,13
386,157,25
387,62,6
388,108,13
389,142,22
390,140,19
391,157,24
392,160,29
393,134,13
394,138,11
395,145,13
396,107,9
397,69,10
398,49,9
399,46,9
400,48,9
401,55,7
402,57,8
403,0,0
404,0,0
405,0,0
406,4,2
407,2,3
409,0,0
410,51,11
411,0,0
412,7,3
413,56,4
414,81,8
415,127,14
416,140,13
417,141,16
418,120,7
419,107,12
420,80,7
421,4,4
422,51,10
423,20,5
424,3,2
425,17,4
426,0,0
428,0,0
429,0,0
431,0,1
432,0,0
433,1,0
434,1,0
435,2,0
436,26,11
437,2,1
438,0,0
439,0,0
440,17,23
441,2,1
442,0,0
443,80,12
444,75,8
445,79,8
446,5,1
447,42,8
448,51,11
449,0,0
450,11,2
451,0,1
453,67,10
454,8,2
455,100,11
456,83,10
457,0,1
458,15,2
459,7,3
460,5,1
462,0,0
463,0,0
464,0,0
465,0,0
466,0,0
467,0,0
469,37,4
470,48,6
471,0,0
472,22,5
473,0,2
474,6,3
475,87,7
476,148,17
477,47,3
478,34,3
479,64,7
481,0,1
483,1,0
484,0,0
485,0,1
487,0,0
490,26,5
491,47,5
492,83,12
493,18,9
494,52,5
495,67,4
496,42,7
497,103,7
498,20,7
499,69,7
502,42,10
506,0,0
507,53,4
516,1,0
521,1,1
523,0,1
524,1,1
525,105,8
526,53,7
527,35,3
528,0,0
529,13,2
530,59,10
532,0,1
533,0,1
534,0,0
536,2,1
537,2,0
538,0,2
540,0,0
542,0,0
543,0,0
546,0,0
548,0,1
549,0,0
550,1,0
551,0,0
552,3,0
554,0,0
556,1,0
558,0,0
565,0,0
566,0,0
568,3,0
569,0,0
570,0,0
571,1,0
572,0,0
576,0,0
577,1,0
578,0,0
579,11,2
580,2,0
581,2,1
582,0,0
583,2,1
585,3,2
586,0,0
587,2,1
588,0,0
589,0,0
590,0,0
596,0,0
597,0,0
598,4,0
599,4,2
600,0,0
601,0,1
602,4,1
603,0,2
604,0,0
605,3,0
606,0,0
607,1,0
608,0,0
609,0,1
610,0,0
611,1,2
614,16,0
615,0,0
616,3,1
617,4,2
618,0,0
619,40,7
620,13,2
621,8,2
622,2,0
623,23,3
625,0,0
626,0,0
627,8,3
628,0,0
629,10,2
630,0,0
631,17,1
632,0,0
633,5,3
634,33,5
635,5,1
636,33,6
637,0,1
638,3,0
639,0,0
640,0,2
641,3,1
642,18,5
643,21,0
644,0,0
645,6,1
646,79,11
647,46,6
648,31,6
649,128,14
650,140,21
651,70,7
652,106,19
653,70,11
655,0,0
657,0,1
658,8,2
659,5,3
660,6,2
661,5,1
662,17,5
663,13,3
664,60,6
665,13,2
666,10,2
667,1,0
668,87,10
669,10,0
670,10,1
671,2,0
672,0,0
673,6,3
674,94,12
675,41,5
676,96,12
677,38,4
678,131,14
679,87,10
680,110,9
681,12,4
682,77,6
683,29,4
684,11,4
685,84,6
686,43,8
687,9,2
688,31,7
689,16,2
690,0,0
691,0,0
692,103,13
693,7,3
694,19,2
695,2,0
696,94,13
697,109,12
698,21,5
699,133,15
700,56,9
701,0,0
702,16,1
703,128,17
704,6,4
705,72,4
706,87,7
707,3,3
708,2,1
709,41,5
710,76,6
711,1,3
712,15,5
713,10,1
714,5,1
715,8,4
716,19,4
717,56,5
718,108,10
719,84,4
720,115,5
721,49,4
722,63,7
723,20,2
724,4,1
725,10,4
726,53,6
727,1,2
728,105,9
729,12,2
731,23,4
732,77,6
733,77,6
734,82,7
735,101,8
736,20,3
737,111,9
738,1,2
739,32,7
740,20,4
741,51,7
742,65,8
743,89,5
744,25,7
745,95,5
746,59,11
747,137,11
748,124,14
749,156,18
750,93,9
751,49,6
752,87,8
753,80,8
754,146,13
755,14,1
756,58,12
757,125,14
758,1,2
759,5,1
760,2,3
761,52,7
762,158,22
763,7,1
764,130,18
765,16,8
766,54,3
767,122,13
768,52,7
769,13,1
770,19,5
771,69,5
772,94,5
773,137,12
774,153,14
775,96,6
776,110,12
777,12,2
778,94,13
779,144,13
780,95,13
781,31,2
782,27,3
783,9,2
784,0,1
785,6,2
786,12,1
787,0,0
789,1,0
790,0,0
791,0,1
792,5,0
794,0,0
795,0,0
796,0,0
797,3,0
798,62,9
799,70,6
800,68,12
801,0,0
802,11,2
803,58,6
804,0,0
805,0,0
806,91,12
807,0,2
808,0,0
809,43,5
810,34,6
811,145,15
812,140,12
813,6,1
814,1,0
815,146,17
816,25,5
817,130,14
818,90,9
819,11,3
820,0,3
821,142,12
822,97,7
823,114,11
824,58,6
825,129,16
826,82,7
827,70,9
828,53,7
829,41,4
830,56,7
831,54,8
832,68,9
833,0,0
834,105,16
835,1,0
836,32,3
837,13,1
838,129,14
840,1,0
841,15,3
842,26,7
843,45,4
844,19,4
845,12,1
846,2,0
847,2,2
848,2,2
849,6,1
850,17,3
851,2,0
852,7,1
853,29,4
854,14,1
855,2,3
856,114,9
857,21,4
858,57,9
859,4,1
860,5,2
861,2,1
862,12,3
863,19,2
864,35,4
865,121,10
866,74,8
867,124,8
868,59,11
869,50,5
870,99,11
871,57,7
872,145,11
873,152,17
874,90,7
875,143,13
876,115,13
877,108,13
878,80,8
879,77,7
880,7,0
881,1,0
882,4,0
883,0,0
884,0,0
885,17,3
886,4,1
887,60,7
888,0,0
889,13,4
890,0,0
891,61,7
892,32,5
893,13,0
894,76,7
895,24,4
896,63,7
897,0,1
898,8,0
899,1,0
900,40,1
901,65,7
902,59,7
903,1,1
904,3,2
905,31,5
907,2,1
908,12,4
909,11,6
910,120,13
911,52,7
912,109,11
913,154,14
914,111,9
915,120,9
916,26,4
917,117,8
918,8,1
919,11,2
921,0,0
922,1,0
924,0,0
925,0,1
931,111,9
932,10,3
933,67,4
934,32,3
935,97,10
936,0,0
937,11,3
938,76,10
939,4,1
940,3,0
943,15,2
946,24,6
949,106,8
950,98,6
951,111,9
952,62,7
953,15,2
954,124,13
955,51,5
956,21,6
957,57,13
958,115,11
959,112,9
963,17,5
964,23,2
965,47,8
966,13,3
967,41,6
968,66,6
969,111,8
970,125,12
971,46,5
972,42,7
973,0,0
974,0,0
975,19,4
976,3,1
977,0,0
978,73,7
979,0,0
980,91,12
981,44,10
982,13,4
983,16,6
984,5,1
985,19,2
986,26,11
987,0,3
988,67,4
989,132,21
990,50,5
991,42,8
992,79,5
993,25,2
994,140,14
995,73,6
996,21,6
997,119,14
998,123,14
999,143,20
1000,36,4
1001,82,6
1002,97,10
1003,148,19
1004,140,10
1005,91,9
1006,148,12
1007,100,13
1008,57,10
1009,127,9
1010,18,5
1011,105,12
1012,120,12
1013,38,5
1014,54,7
1015,40,8
1016,23,2
1017,67,5
1018,68,5
1019,63,7
1020,81,9
1021,81,10
1022,131,12
1023,74,7
1024,33,6
1025,90,8
1026,33,3
1027,91,5
1028,62,4
1029,82,6
1030,14,3
1031,61,8
1032,10,4
1033,84,7
1034,139,16
1035,22,4
1036,65,12
1037,82,7
1038,78,6
1039,87,13
1040,75,11
1041,20,5
1042,59,8
1043,137,5
1044,48,5
1045,112,11
1046,108,8
1047,20,4
1048,48,7
1049,27,2
1050,6,0
1051,54,4
1052,103,9
1053,121,9
1054,97,12
1055,74,9
1056,57,12
1057,142,18
1058,28,8
1059,74,9
1060,3,1
1061,74,9
1062,52,6
1063,100,5
1064,109,14
1065,78,9
1066,79,9
1067,66,5
1068,60,9
1069,4,1
1070,21,3
1071,17,2
1072,0,0
1073,21,2
1074,9,3
1075,4,1
1076,1,2
1077,1,3
1078,5,2
1079,25,3
1080,14,3
1081,74,5
1082,2,0
1083,25,2
1084,16,5
1085,18,1
1086,43,3
1087,19,2
1088,46,5
1089,0,0
1090,1,0
1091,0,0
1092,0,0
1093,2,0
1094,0,0
1095,1,2
1096,0,0
1097,2,2
1098,0,0
1099,0,0
1100,0,0
1101,7,1
1102,0,0
1103,4,5
1104,39,8
1105,22,6
1106,6,3
1107,3,2
1108,7,1
1109,0,0
1110,8,5
1112,64,8
1113,79,7
1114,4,2
1115,103,12
1116,125,13
1117,46,8
1118,87,7
1119,60,4
1120,110,10
1121,115,11
1122,78,6
1123,110,15
1124,101,8
1125,79,11
1126,33,8
1127,106,14
1128,130,12
1129,36,11
1130,0,0
1132,1,0
1134,5,3
1135,3,3
1136,42,10
1137,3,3
1138,2,1
1139,0,0
1140,86,8
1141,106,12
1142,30,6
1143,0,0
1144,2,1
1145,64,6
1146,108,7
1147,25,3
1148,32,5
1149,4,2
1150,8,5
1151,29,3
1152,7,2
1153,12,2
1154,1,0
1157,2,2
1158,1,1
1159,45,5
1160,123,12
1161,10,4
1162,27,4
1163,3,2
1164,37,7
1165,125,11
1166,79,8
1167,14,3
1168,17,8
1169,0,0
1170,10,1
1171,6,1
1172,0,0
1174,0,0
1175,2,1
1176,0,0
1177,0,0
1178,0,0
1179,137,15
1180,140,10
1181,105,8
1182,0,3
1183,3,3
1184,65,4
1185,1,0
1186,0,0
1187,43,4
1188,1,3
1197,0,0
1198,0,0
1199,0,0
1200,0,0
1201,34,2
1203,22,6
1204,0,0
1206,0,0
1208,1,2
1209,8,0
1210,5,2
1213,1,0
1214,4,1
1215,1,0
1216,4,0
1217,2,0
1218,3,2
1219,0,1
1220,3,1
1221,20,2
1222,13,1
1223,3,2
1224,4,2
1225,45,7
1226,12,2
1227,11,2
1228,5,3
1229,8,2
1230,0,0
1231,20,2
1232,20,1
1233,1,0
1237,1,0
1240,0,0
1261,0,0
1265,2,0
1266,11,5
1267,5,3
1269,6,2
1271,2,1
1274,3,2
1279,4,2
1283,0,0
1284,0,0
1286,0,0
1287,5,1
1288,0,0
1289,0,0
1290,2,0
1291,1,1
1292,0,1
1293,18,6
1294,1,2
1296,95,7
1297,112,11
1298,106,13
1299,6,5
1300,62,11
1301,111,15
1302,1,0
1303,0,1
1305,49,2
1307,48,7
1308,65,7
1309,12,4
1310,62,9
1311,68,5
1313,1,0
1314,3,1
1315,10,1
1316,29,5
1317,14,3
1318,41,4
1319,54,7
1320,38,4
1321,111,16
1322,124,12
1323,72,6
1324,37,5
1325,116,9
1326,105,9
1327,115,9
1328,125,10
1329,11,4
1330,5,2
1331,50,6
1332,23,5
1334,4,0
1335,8,1
1336,0,1
1337,0,0
1338,56,5
1339,54,8
1340,137,19
1341,18,3
1342,8,3
1343,117,18
1344,89,10
1345,168,17
1346,4,1
1347,68,7
1348,133,16
1350,129,14
1351,21,2
1352,38,1
1353,0,0
1354,9,1
1355,65,4
1356,0,0
1357,12,3
1358,9,4
1359,19,4
1360,75,8
1361,13,1
1362,113,14
1363,98,11
1364,132,21
1365,46,7
1366,155,17
1367,144,27
1368,62,9
1369,144,24
1370,121,11
1371,122,16
1372,19,4
1373,7,4
1374,131,15
1375,41,8
1376,83,11
1377,156,19
1378,86,8
1379,140,28
1380,139,26
1381,157,18
1382,43,4
1383,79,6
1384,29,5
1385,3,3
1386,33,3
1387,57,7
1388,10,1
1389,72,10
1390,49,4
1391,21,6
1392,121,16
1393,137,17
1394,116,19
1395,151,14
1396,101,10
1397,88,15
1398,125,14
1399,95,10
1400,109,11
1401,124,16
1402,7,6
1403,8,3
1404,2,2
1405,16,7
1406,0,0
1407,1,0
1408,0,3
1409,4,1
1410,52,5
1411,128,11
1412,0,1
1413,59,14
1414,30,6
1415,1,1
1416,14,4
1417,81,9
1418,73,10
1419,116,10
1420,82,23
1421,149,19
1422,82,9
1423,94,7
1424,65,7
1425,59,11
1426,117,9
1427,46,7
1428,1,2
1429,47,13
1430,63,14
1431,131,14
1432,114,8
1433,95,16
1434,123,15
1435,79,12
1436,133,20
1437,152,24
1438,157,20
1439,153,8
1440,127,16
1441,160,11
1442,144,16
1443,56,8
1444,93,13
1445,14,8
1446,89,10
1447,7,1
1448,22,4
1449,56,7
1450,92,8
1451,91,9
1452,79,10
1453,123,13
1454,123,7
1455,124,13
1456,135,13
1457,85,7
1458,106,10
1459,68,12
1460,74,5
1461,44,8
1462,94,10
1463,48,5
1464,144,15
1465,96,13
1466,2,2
1467,6,6
1468,114,14
1469,102,13
1470,20,6
1471,19,7
1472,86,5
1473,80,8
1474,45,5
1475,25,5
1476,48,6
1477,44,2
1478,71,8
1479,96,8
1480,29,8
1481,65,10
1482,58,6
1483,91,7
1484,34,8
1485,57,7
1486,9,2
1487,18,5
1488,98,12
1489,89,14
1490,23,3
1491,47,7
1492,99,7
1493,113,9
1494,72,6
1495,46,7
1496,61,7
1497,88,7
1498,58,6
1499,137,9
1500,134,8
1501,49,8
1502,1,2
1503,21,3
1504,117,14
1505,50,6
1506,20,3
1507,149,11
1508,141,13
1509,99,12
1510,20,4
1511,135,12
1512,29,6
1513,12,4
1514,110,7
1515,38,5
1516,108,11
1517,17,5
1518,57,4
1519,60,3
1520,10,5
1521,18,5
1522,151,17
1523,136,23
1524,120,14
1525,109,14
1526,142,12
1527,57,9
1528,32,8
1529,18,5
1530,3,2
1531,74,12
1532,99,9
1533,59,5
1534,125,7
1535,22,1
1536,72,7
1537,23,3
1538,40,3
1539,49,2
1540,3,1
1541,4,2
1542,40,7
1543,0,1
1544,5,3
1546,0,0
1547,0,0
1548,4,5
1549,0,0
1550,3,2
1551,0,0
1552,3,2
1553,51,11
1554,96,10
1555,50,4
1556,24,10
1557,115,12
1558,67,8
1559,61,5
1560,20,9
1561,62,12
1562,1,2
1563,0,4
1564,0,0
1565,0,1
1566,57,5
1567,123,7
1568,16,1
1571,2,1
1572,7,1
1573,4,0
1574,9,2
1575,0,0
1576,0,0
1577,8,2
1579,0,0
1580,12,2
1581,1,0
1582,132,16
1583,23,6
1584,39,6
1585,45,4
1586,0,0
1587,0,0
1588,9,1
1590,0,0
1591,0,0
1592,11,1
1593,0,0
1594,0,0
1595,0,1
1596,18,2
1597,0,0
1598,40,4
1599,69,4
1600,114,13
1601,23,3
1602,40,5
1603,136,14
1604,6,1
1605,24,3
1606,94,8
1607,24,2
1608,0,0
1609,92,13
1610,1,1
1611,7,4
1612,87,13
1613,134,14
1614,106,12
1615,89,12
1616,88,9
1617,87,10
1618,119,15
1619,44,7
1620,77,4
1621,63,8
1622,4,8
1623,2,0
1624,1,0
1625,71,10
1626,0,0
1627,0,0
1628,27,4
1630,1,0
1631,46,6
1632,154,16
1633,157,14
1634,151,11
1635,36,5
1636,12,2
1637,156,8
1638,58,6
1639,136,11
1640,74,3
1641,3,1
1642,149,10
1643,92,9
1644,130,6
1645,151,17
1646,120,9
1647,82,6
1648,5,1
1649,1,0
1650,0,0
1651,2,1
1652,18,3
1653,0,0
1654,1,0
1655,63,10
1656,107,11
1657,25,3
1658,49,6
1659,96,12
1660,140,10
1661,146,17
1662,3,2
1663,82,9
1664,0,0
1665,22,2
1666,0,0
1667,0,0
1669,0,0
1670,0,0
1671,12,3
1672,0,0
1673,0,1
1674,19,3
1675,98,5
1676,0,1
1677,81,9
1678,137,13
1679,45,1
1680,130,11
1681,144,15
1682,106,11
1683,117,12
1684,139,19
1685,152,18
1686,65,8
1687,103,8
1688,53,4
1689,141,17
1690,118,18
1691,74,11
1692,0,0
1693,1,1
1694,84,7
1695,0,0
1696,46,5
1697,57,7
1698,120,7
1699,9,1
1700,17,2
1701,52,8
1702,12,3
1703,4,0
1704,0,2
1705,14,3
1706,3,0
1707,0,1
1708,40,5
1710,6,1
1711,93,5
1712,10,2
1713,6,1
1714,4,1
1715,0,0
1716,56,5
1717,8,0
1718,36,3
1719,10,1
1720,36,2
1721,126,8
1722,65,4
1723,2,1
1724,114,10
1725,149,14
1726,10,0
1728,52,6
1729,117,11
1730,112,10
1731,65,4
1732,3,2
1733,12,3
1734,0,0
1735,10,5
1736,0,0
1737,10,3
1738,10,1
1739,35,8
1740,112,9
1741,16,4
1742,127,10
1743,0,0
1744,0,0
1745,38,6
1746,119,9
1747,46,3
1748,94,6
1749,11,2
1750,28,3
1751,0,0
1752,97,3
1753,78,3
1754,21,1
1755,37,2
1756,63,2
1757,11,2
1758,5,2
1760,17,2
1761,1,0
1762,94,11
1763,9,0
1764,62,9
1765,120,8
1766,65,10
1767,161,14
1768,32,5
1769,24,0
1770,58,10
1771,93,11
1772,76,9
1773,158,23
1774,110,10
1775,101,11
1776,100,7
1777,128,13
1778,145,10
1779,56,10
1780,13,3
1781,23,4
1782,47,6
1783,86,8
1784,84,10
1785,134,17
1786,39,9
1787,116,13
1788,131,15
1789,108,9
1790,49,4
1791,155,16
1792,14,4
1793,17,2
1794,8,0
1795,78,10
1796,12,9
1797,8,7
1798,112,13
1799,105,11
1800,97,15
1801,61,7
1802,72,7
1804,0,0
1805,3,2
1806,22,3
1807,15,2
1808,68,5
1809,133,16
1810,143,24
1811,158,18
1812,97,9
1813,114,18
1814,115,11
1815,48,6
1816,104,20
1817,39,19
1818,20,4
1819,28,8
1820,9,13
1821,2,2
1822,141,22
1823,47,5
1824,161,19
1825,153,17
1826,134,17
1827,117,13
1828,18,6
1829,124,12
1830,108,10
1831,77,9
1832,154,25
1833,159,25
1834,147,17
1835,163,24
1836,167,19
1837,166,24
1838,121,18
1839,134,7
1840,165,16
1841,81,5
1842,112,15
1843,133,23
1844,113,10
1845,115,8
1846,133,13
1847,139,12
1848,103,9
1849,75,5
1850,104,15
1851,11,4
1852,3,1
1853,0,0
1854,4,3
1855,0,2
1857,3,1
1858,1,0
1860,3,4
1861,43,4
1862,65,6
1863,41,7
1864,8,1
1865,149,14
1867,138,11
1868,30,3
1869,0,0
1870,37,4
1871,9,2
1872,131,12
1873,4,0
1874,6,2
1875,89,4
1876,98,7
1877,5,0
1878,0,0
1879,40,4
1880,6,2
1881,49,9
1882,55,7
1883,87,8
1884,64,5
1885,154,14
1886,18,5
1887,105,8
1888,95,7
1889,44,7
1890,22,2
1891,41,5
1892,1,2
1893,83,6
1894,94,5
1895,0,0
1896,86,2
1897,84,8
1898,0,0
1899,1,2
1900,79,6
1901,0,1
1903,16,1
1904,0,1
1906,0,0
1907,21,1
1909,8,0
1910,1,0
1911,1,0
1913,8,1
1914,1,0
1915,0,0
1917,26,3
1918,7,0
1919,3,0
1920,9,2
1921,0,0
1922,33,3
1923,0,2
1924,14,3
1925,2,0
1927,1,0
1928,51,5
1929,23,4
1930,83,8
1931,22,3
1932,1,0
1933,0,0
1934,1,1
1935,0,0
1936,0,0
1937,0,0
1939,1,0
1940,0,0
1941,0,0
1942,24,4
1943,1,0
1944,30,2
1945,32,2
1946,12,1
1947,1,0
1949,14,1
1952,0,1
1953,34,5
1954,13,5
1955,0,0
1956,0,2
1958,6,1
1959,0,0
1960,4,0
1962,6,3
1963,15,2
1964,0,0
1965,0,0
1968,0,0
1971,0,0
1972,42,10
1974,87,6
1975,8,1
1976,13,5
1977,21,4
1978,13,2
1979,7,1
1980,3,1
1981,1,3
1982,0,0
2002,13,4
2003,74,14
2004,85,10
2005,31,6
2006,112,18
2007,95,11
2008,85,11
2009,46,20
2010,5,0
2011,22,4
2012,24,5
2013,1,1
2014,17,5
2015,73,5
2016,86,10
2017,68,10
2018,76,7
2019,13,5
2020,71,3
2021,91,4
2022,0,0
2023,0,4
2024,34,4
2025,58,5
2027,93,7
2028,78,9
2029,98,8
2030,27,5
2031,12,5
2032,30,4
2033,5,1
2034,81,10
2035,20,4
2036,5,4
2037,125,11
2038,82,10
2039,48,6
2040,82,8
2041,16,3
2042,33,4
2043,124,11
2044,91,6
2045,41,5
2046,86,7
2047,81,11
2048,32,5
2049,8,3
2050,112,8
2051,75,5
2052,3,4
2053,55,8
2054,58,6
2055,88,5
2056,22,5
2057,43,2
2058,45,5
2060,12,2
2061,34,4
2062,89,10
2063,62,6
2064,46,8
2065,6,2
2066,70,7
2067,0,1
2068,5,2
2069,17,3
2070,39,3
2071,28,4
2072,98,11
2073,12,3
2074,36,6
2075,109,9
2076,12,4
2077,91,7
2078,61,4
2079,61,8
2080,0,2
2081,44,9
2082,8,2
2083,25,4
2084,17,3
2085,44,3
2086,22,4
2087,26,6
2088,18,4
2089,6,2
2090,114,10
2091,49,5
2092,20,4
2093,14,4
2094,18,2
2095,82,9
2096,0,0
2097,39,2
2098,53,5
2099,1,1
2100,19,5
2101,8,4
2102,143,19
2103,116,11
2104,29,7
2105,105,12
2106,80,12
2107,154,10
2108,84,6
2109,10,8
2110,11,1
2111,16,2
2112,94,7
2113,46,5
2114,49,7
2115,26,8
2116,21,2
2117,36,4
2118,116,19
2119,39,3
2120,55,7
2121,39,8
2122,5,1
2123,108,6
2124,38,5
2125,32,5
2126,64,5
2127,30,5
2128,17,6
2129,47,9
2130,55,6
2131,21,3
2132,9,3
2133,59,8
2134,2,3
2135,3,4
2136,6,2
2137,2,1
2138,3,0
2140,49,7
2141,68,12
2142,23,8
2143,90,8
2144,3,3
2145,2,3
2146,3,2
2147,104,5
2148,9,2
2149,102,12
2150,91,11
2151,20,5
2152,3,2
2153,102,9
2154,2,3
2155,19,9
2156,92,8
2157,107,11
2158,0,1
2159,1,1
2160,0,2
2161,78,12
2162,3,1
2163,8,4
2164,93,7
2165,153,13
2166,25,5
2167,119,10
2168,91,8
2169,57,8
2170,2,2
2171,74,9
2172,91,12
2173,99,10
2174,61,9
2175,3,1
2176,70,11
2177,15,6
2178,0,0
2179,14,2
2180,48,7
2181,74,8
2182,4,1
2183,140,13
2184,109,7
2185,100,10
2186,108,11
2187,38,2
2188,60,8
2191,0,0
2192,0,0
2194,0,0
2195,0,0
2197,3,3
2199,0,0
2200,0,0
2201,8,3
2202,89,9
2203,0,0
2204,10,5
2206,6,0
2207,2,0
2209,42,4
2211,26,5
2212,38,6
2213,27,4
2214,82,9
2215,26,5
2216,32,3
2218,18,4
2219,79,5
2220,0,0
2223,45,4
2224,160,11
2228,31,5
2229,29,7
2230,0,0
2231,45,0
2232,0,0
2237,78,3
2238,0,0
2240,3,1
2242,0,0
2243,1,0
2263,1,0
2266,0,0
2267,8,1
2272,90,9
2273,53,9
2274,0,2
2275,66,10
2276,1,5
2277,9,4
2278,15,2
2279,0,0
2280,0,0
2281,32,3
2282,87,11
2283,151,23
2284,92,9
2285,50,6
2286,45,5
2287,16,5
2288,3,1
2289,1,2
2290,0,0
2298,11,1
2299,0,0
2301,0,1
2302,4,1
2304,1,1
2305,2,0
2306,52,7
2307,9,2
2308,8,2
2309,5,1
2310,88,9
2311,0,0
2312,0,1
2313,61,7
2314,2,0
2315,17,2
2317,0,0
2318,4,1
2321,1,1
2322,1,0
2323,0,0
2326,0,0
2327,0,0
2328,2,2
2331,8,2
2334,2,0
2348,25,5
2349,6,0
2350,30,8
2351,4,0
2352,17,1
2353,65,8
2355,37,2
2376,12,0
2377,10,0
2385,141,20
2386,109,13
2387,68,11
2388,119,19
2389,158,18
2390,46,8
2391,126,12
2392,137,15
2393,75,10
2394,62,9
2395,3,3
2396,0,1
2397,62,11
2398,74,10
2399,3,1
2400,2,1
2401,135,14
2402,80,9
2403,4,1
2404,10,4
2405,35,7
2406,78,8
2407,49,5
2408,7,3
2409,17,5
2410,4,2
2411,42,5
2412,30,3
2413,16,2
2414,30,1
2415,37,7
2416,9,4
2417,7,5
2418,121,8
2419,10,2
2420,13,2
2421,111,10
2422,130,17
2423,101,7
2424,60,5
2425,80,11
2426,61,8
2427,44,7
2428,41,5
2429,35,3
2430,73,6
2431,15,7
2432,115,9
2433,12,3
2434,18,6
2436,19,4
2439,8,0
2440,40,3
2441,32,4
2445,87,10
2446,106,11
2447,117,11
2448,2,2
2449,85,6
2450,149,13
2451,66,9
2452,153,14
2453,25,5
2454,23,4
2455,10,2
2456,16,3
2457,55,7
2458,64,7
2459,35,4
2460,7,3
2461,0,1
2462,103,9
2463,23,2
2465,26,7
2466,8,0
2467,2,0
2468,7,1
2470,0,1
2472,0,0
2473,1,0
2475,1,1
2477,71,5
2478,43,5
2479,3,1
2480,2,1
2481,45,5
2482,16,3
2484,79,5
2485,29,3
2486,3,1
2487,8,3
2488,16,3
2489,6,1
2490,0,0
2491,0,0
2493,10,1
2495,8,0
2496,31,1
2497,20,2
2503,115,12
2504,0,0
2507,7,0
2508,6,3
2510,2,3
2513,0,0
2514,3,0
2524,33,5
2525,86,7
2526,0,0
2527,17,1
2528,6,6
2529,3,0
2530,3,2
2532,6,0
